name;rating;price;price_per_square_meter;infrastructure;count_infs;type_of_building;quadrature;tag;floor
БумБараш;4,60;975000,00;11170,94;['коммунальные службы (пожарная станция, ЖЭК)', 'больницы и поликлиники', 'детские сады и школы:', 'спортивные площадки'];4,00;Здание старше 2008 года;87,28;Ресторан;11
Пиноккио Djan;4,60;900000,00;13194,55;['наличие зеленых насаждений (парки, скверы)', 'рынок и магазины с товарами первой необходимости', 'предприятия и учреждения, предоставляющие работу населению', 'коммунальные службы (пожарная станция, ЖЭК)', 'спортивные площадки', 'детские сады и школы:', 'остановки общественного транспорта', 'больницы и поликлиники'];8,00;Здание не старше 2018 года;68,21;Ресторан;16
На дровах;4,50;200000,00;2389,20;['детские сады и школы:', 'коммунальные службы (пожарная станция, ЖЭК)', 'остановки общественного транспорта'];3,00;Старое здание;83,71;Ресторан;1
Барин;4,50;300000,00;3129,56;['коммунальные службы (пожарная станция, ЖЭК)', 'предприятия и учреждения, предоставляющие работу населению', 'спортивные площадки', 'остановки общественного транспорта'];4,00;Старое здание;95,86;Ресторан европейской кухни;5
Катенька-Катюша;4,70;475000,00;4737,21;['остановки общественного транспорта', 'коммунальные службы (пожарная станция, ЖЭК)', 'спортивные площадки', 'предприятия и учреждения, предоставляющие работу населению', 'больницы и поликлиники', 'рынок и магазины с товарами первой необходимости', 'наличие зеленых насаждений (парки, скверы)'];7,00;Здание не старше 2018 года;100,27;Ресторан русской кухни;7
Диканька;4,70;100000,00;772,56;['наличие зеленых насаждений (парки, скверы)', 'остановки общественного транспорта'];2,00;Старое здание;129,44;Ресторан русской кухни;16
Голый повар;4,60;350000,00;2785,74;['спортивные площадки', 'предприятия и учреждения, предоставляющие работу населению', 'коммунальные службы (пожарная станция, ЖЭК)', 'детские сады и школы:', 'рынок и магазины с товарами первой необходимости', 'больницы и поликлиники', 'остановки общественного транспорта', 'наличие зеленых насаждений (парки, скверы)'];8,00;Здание старше 2008 года;125,64;Ресторан;6
Ресторан Макароны;4,60;225000,00;3711,65;['коммунальные службы (пожарная станция, ЖЭК)', 'предприятия и учреждения, предоставляющие работу населению', 'спортивные площадки', 'наличие зеленых насаждений (парки, скверы)'];4,00;Здание старше 2008 года;60,62;Ресторан;15
ГорPark | Ресторан Краснодар | Банкетный зал, кафе;4,60;725000,00;11518,91;['спортивные площадки', 'коммунальные службы (пожарная станция, ЖЭК)'];2,00;Здание старше 2008 года;62,94;Ресторан;4
Духанъ;4,60;125000,00;2652,80;['предприятия и учреждения, предоставляющие работу населению', 'спортивные площадки'];2,00;Здание старше 2008 года;47,12;Семейный ресторан;17
Скотина;4,50;450000,00;3576,82;['наличие зеленых насаждений (парки, скверы)'];1,00;Старое здание;125,81;Мясной ресторан;5
Ресторан NEBO;4,50;200000,00;4365,86;['предприятия и учреждения, предоставляющие работу населению', 'спортивные площадки', 'коммунальные службы (пожарная станция, ЖЭК)'];3,00;Новое здание;45,81;Ресторан;3
Ресторан Джентльмены удачи;4,60;400000,00;6464,12;['предприятия и учреждения, предоставляющие работу населению', 'спортивные площадки', 'больницы и поликлиники', 'рынок и магазины с товарами первой необходимости', 'детские сады и школы:'];5,00;Новое здание;61,88;Ресторан;12
Rodina;4,60;300000,00;4395,60;['больницы и поликлиники', 'остановки общественного транспорта', 'детские сады и школы:', 'предприятия и учреждения, предоставляющие работу населению'];4,00;Старое здание;68,25;Ресторан;1
Екатеринодар;4,50;700000,00;8461,26;['детские сады и школы:', 'наличие зеленых насаждений (парки, скверы)'];2,00;Старое здание;82,73;Ресторан европейской кухни;6
Чо Чо;4,60;200000,00;1373,63;['наличие зеленых насаждений (парки, скверы)', 'больницы и поликлиники', 'коммунальные службы (пожарная станция, ЖЭК)', 'детские сады и школы:', 'предприятия и учреждения, предоставляющие работу населению'];5,00;Здание не старше 2018 года;145,60;Ресторан;11
The Печь;4,80;725000,00;17734,83;['остановки общественного транспорта', 'наличие зеленых насаждений (парки, скверы)', 'спортивные площадки', 'предприятия и учреждения, предоставляющие работу населению', 'детские сады и школы:', 'рынок и магазины с товарами первой необходимости', 'коммунальные службы (пожарная станция, ЖЭК)'];7,00;Новое здание;40,88;Ресторан;14
Старый Город;4,60;500000,00;3947,26;['детские сады и школы:', 'предприятия и учреждения, предоставляющие работу населению', 'рынок и магазины с товарами первой необходимости', 'остановки общественного транспорта'];4,00;Старое здание;126,67;Ресторан;16
Угли-Угли;4,70;575000,00;4560,23;['больницы и поликлиники', 'рынок и магазины с товарами первой необходимости', 'коммунальные службы (пожарная станция, ЖЭК)'];3,00;Новое здание;126,09;Ресторан;12
"""Балерина и Бифштекс""";4,60;775000,00;9229,49;['спортивные площадки', 'рынок и магазины с товарами первой необходимости', 'предприятия и учреждения, предоставляющие работу населению', 'остановки общественного транспорта', 'коммунальные службы (пожарная станция, ЖЭК)', 'больницы и поликлиники'];6,00;Старое здание;83,97;Ресторан;13
Кафе «Краснодар»;4,50;925000,00;11100,44;['наличие зеленых насаждений (парки, скверы)', 'больницы и поликлиники', 'коммунальные службы (пожарная станция, ЖЭК)', 'рынок и магазины с товарами первой необходимости', 'предприятия и учреждения, предоставляющие работу населению', 'остановки общественного транспорта'];6,00;Здание не старше 2018 года;83,33;Кафе;5
Sunny Cafe;4,60;700000,00;5811,06;['предприятия и учреждения, предоставляющие работу населению', 'спортивные площадки', 'наличие зеленых насаждений (парки, скверы)', 'детские сады и школы:', 'рынок и магазины с товарами первой необходимости'];5,00;Здание не старше 2018 года;120,46;Кафе;4
Т-кафе;4,50;800000,00;5694,36;['рынок и магазины с товарами первой необходимости', 'детские сады и школы:', 'остановки общественного транспорта'];3,00;Здание не старше 2018 года;140,49;Кафе;14
Жаровня;4,40;675000,00;28541,23;['наличие зеленых насаждений (парки, скверы)', 'спортивные площадки'];2,00;Здание не старше 2018 года;23,65;Кафе;16
HRUM cafe;4,50;425000,00;7994,73;['детские сады и школы:'];1,00;Новое здание;53,16;Кафе;14
"Кафе ""Винсент""|Vinsent Cafe";4,80;875000,00;7357,27;['рынок и магазины с товарами первой необходимости'];1,00;Старое здание;118,93;Кафе;14
Барабулька;4,70;200000,00;2559,51;['рынок и магазины с товарами первой необходимости', 'остановки общественного транспорта', 'больницы и поликлиники', 'предприятия и учреждения, предоставляющие работу населению', 'спортивные площадки', 'наличие зеленых насаждений (парки, скверы)', 'коммунальные службы (пожарная станция, ЖЭК)', 'детские сады и школы:'];8,00;Старое здание;78,14;Кафе;10
"""Абрау-Дюрсо"", petit cafe";4,70;450000,00;4081,63;['коммунальные службы (пожарная станция, ЖЭК)', 'остановки общественного транспорта', 'детские сады и школы:', 'наличие зеленых насаждений (парки, скверы)', 'больницы и поликлиники', 'предприятия и учреждения, предоставляющие работу населению', 'спортивные площадки', 'рынок и магазины с товарами первой необходимости'];8,00;Здание старше 2008 года;110,25;Кафе;4
WokCafe;4,60;400000,00;4365,86;['остановки общественного транспорта'];1,00;Старое здание;91,62;Кафе;2
У Рощи;4,50;150000,00;5905,51;['наличие зеленых насаждений (парки, скверы)', 'спортивные площадки', 'коммунальные службы (пожарная станция, ЖЭК)', 'рынок и магазины с товарами первой необходимости', 'детские сады и школы:', 'остановки общественного транспорта', 'предприятия и учреждения, предоставляющие работу населению'];7,00;Здание не старше 2018 года;25,40;Кафе;3
Питер Пэн | Кафе Прикубанский округ | Ресторан, банкетный зал, доставка еды;4,70;150000,00;1979,94;['остановки общественного транспорта'];1,00;Здание не старше 2018 года;75,76;Кафе;16
Т-Кафе;4,50;825000,00;11448,79;['наличие зеленых насаждений (парки, скверы)', 'детские сады и школы:', 'предприятия и учреждения, предоставляющие работу населению', 'коммунальные службы (пожарная станция, ЖЭК)', 'рынок и магазины с товарами первой необходимости'];5,00;Здание старше 2008 года;72,06;Кафе;1
Кафе Парус;4,00;50000,00;892,70;['остановки общественного транспорта', 'предприятия и учреждения, предоставляющие работу населению', 'больницы и поликлиники'];3,00;Здание не старше 2018 года;56,01;Кафе;7
Клумба;4,40;425000,00;9087,02;['рынок и магазины с товарами первой необходимости', 'детские сады и школы:', 'коммунальные службы (пожарная станция, ЖЭК)', 'больницы и поликлиники', 'спортивные площадки', 'наличие зеленых насаждений (парки, скверы)', 'остановки общественного транспорта'];7,00;Старое здание;46,77;Кафе;16
Ресторан Макароны;4,60;475000,00;12659,91;['рынок и магазины с товарами первой необходимости', 'детские сады и школы:', 'остановки общественного транспорта', 'предприятия и учреждения, предоставляющие работу населению', 'наличие зеленых насаждений (парки, скверы)', 'коммунальные службы (пожарная станция, ЖЭК)', 'больницы и поликлиники'];7,00;Здание старше 2008 года;37,52;Кафе;14
ЛЮБОКОФЕ;4,50;500000,00;8934,95;['рынок и магазины с товарами первой необходимости', 'детские сады и школы:', 'остановки общественного транспорта', 'спортивные площадки'];4,00;Здание не старше 2018 года;55,96;Кафе;7
Pankiss;4,50;275000,00;2217,74;['спортивные площадки', 'детские сады и школы:'];2,00;Новое здание;124,00;Кафе;3
Вкусное Место;3,90;900000,00;12003,20;['предприятия и учреждения, предоставляющие работу населению', 'остановки общественного транспорта', 'спортивные площадки', 'рынок и магазины с товарами первой необходимости'];4,00;Здание не старше 2018 года;74,98;Кафе;1
ВафлиВафли;4,70;425000,00;3365,54;['остановки общественного транспорта', 'рынок и магазины с товарами первой необходимости', 'коммунальные службы (пожарная станция, ЖЭК)', 'наличие зеленых насаждений (парки, скверы)', 'спортивные площадки', 'предприятия и учреждения, предоставляющие работу населению', 'больницы и поликлиники', 'детские сады и школы:'];8,00;Здание не старше 2018 года;126,28;Кафе;17
Питейный Дом;4,00;925000,00;8613,46;['коммунальные службы (пожарная станция, ЖЭК)', 'больницы и поликлиники', 'спортивные площадки', 'наличие зеленых насаждений (парки, скверы)'];4,00;Здание старше 2008 года;107,39;Кафе;12
Гауди-риелт, Агентство недвижимости Краснодара;4,80;175000,00;1926,04;['больницы и поликлиники'];1,00;Здание не старше 2018 года;90,86;Агентство недвижимости;12
Этажи;4,50;925000,00;18622,91;['коммунальные службы (пожарная станция, ЖЭК)', 'спортивные площадки', 'рынок и магазины с товарами первой необходимости'];3,00;Здание старше 2008 года;49,67;Агентство недвижимости;3
"Жилищно-ипотечный Центр ""КАЯН""";4,10;350000,00;3973,66;['наличие зеленых насаждений (парки, скверы)', 'коммунальные службы (пожарная станция, ЖЭК)'];2,00;Старое здание;88,08;Агентство недвижимости;14
Самолет Плюс Краснодар;4,40;350000,00;3782,97;['предприятия и учреждения, предоставляющие работу населению'];1,00;Старое здание;92,52;Агентство недвижимости;15
Автор;4,60;100000,00;908,35;['больницы и поликлиники', 'рынок и магазины с товарами первой необходимости', 'коммунальные службы (пожарная станция, ЖЭК)', 'наличие зеленых насаждений (парки, скверы)', 'спортивные площадки', 'детские сады и школы:'];6,00;Новое здание;110,09;Агентство недвижимости;1
ЦЕНТР-ЮГ агентство недвижимости;4,40;350000,00;10315,36;['детские сады и школы:', 'больницы и поликлиники', 'наличие зеленых насаждений (парки, скверы)', 'остановки общественного транспорта', 'спортивные площадки', 'коммунальные службы (пожарная станция, ЖЭК)', 'рынок и магазины с товарами первой необходимости', 'предприятия и учреждения, предоставляющие работу населению'];8,00;Здание старше 2008 года;33,93;Агентство недвижимости;16
Владис;4,90;450000,00;8150,70;['наличие зеленых насаждений (парки, скверы)', 'спортивные площадки', 'коммунальные службы (пожарная станция, ЖЭК)', 'остановки общественного транспорта'];4,00;Здание не старше 2018 года;55,21;Агентство недвижимости;4
НовоМетр, Центр Недвижимости;5,00;750000,00;7319,93;['коммунальные службы (пожарная станция, ЖЭК)', 'предприятия и учреждения, предоставляющие работу населению', 'больницы и поликлиники', 'наличие зеленых насаждений (парки, скверы)', 'рынок и магазины с товарами первой необходимости', 'детские сады и школы:', 'остановки общественного транспорта'];7,00;Здание старше 2008 года;102,46;Агентство недвижимости;13
"Агентство недвижимости ""Решение""";4,90;200000,00;2210,43;['коммунальные службы (пожарная станция, ЖЭК)', 'детские сады и школы:', 'предприятия и учреждения, предоставляющие работу населению', 'остановки общественного транспорта', 'больницы и поликлиники'];5,00;Старое здание;90,48;Агентство недвижимости;14
Верона;3,90;775000,00;12675,83;['рынок и магазины с товарами первой необходимости', 'остановки общественного транспорта', 'наличие зеленых насаждений (парки, скверы)', 'детские сады и школы:'];4,00;Новое здание;61,14;Агентство недвижимости;7
"""Южный Жилищный Центр""";4,80;975000,00;7015,40;['коммунальные службы (пожарная станция, ЖЭК)', 'рынок и магазины с товарами первой необходимости', 'детские сады и школы:', 'предприятия и учреждения, предоставляющие работу населению', 'больницы и поликлиники', 'остановки общественного транспорта', 'наличие зеленых насаждений (парки, скверы)', 'спортивные площадки'];8,00;Здание не старше 2018 года;138,98;Агентство недвижимости;9
Кубань-Новострой;3,70;875000,00;12191,72;['коммунальные службы (пожарная станция, ЖЭК)', 'наличие зеленых насаждений (парки, скверы)', 'остановки общественного транспорта'];3,00;Здание не старше 2018 года;71,77;Агентство недвижимости;9
Аякс;5,00;225000,00;5649,01;['коммунальные службы (пожарная станция, ЖЭК)', 'больницы и поликлиники', 'детские сады и школы:', 'предприятия и учреждения, предоставляющие работу населению', 'спортивные площадки', 'остановки общественного транспорта'];6,00;Здание не старше 2018 года;39,83;Агентство недвижимости;2
КлючHouse;4,50;250000,00;6663,11;['наличие зеленых насаждений (парки, скверы)', 'больницы и поликлиники', 'детские сады и школы:', 'спортивные площадки', 'предприятия и учреждения, предоставляющие работу населению', 'остановки общественного транспорта', 'коммунальные службы (пожарная станция, ЖЭК)', 'рынок и магазины с товарами первой необходимости'];8,00;Новое здание;37,52;Агентство недвижимости;6
CENTURY 21 InKrasnodar;4,70;925000,00;6966,94;['больницы и поликлиники', 'наличие зеленых насаждений (парки, скверы)', 'предприятия и учреждения, предоставляющие работу населению', 'спортивные площадки', 'остановки общественного транспорта', 'коммунальные службы (пожарная станция, ЖЭК)', 'рынок и магазины с товарами первой необходимости'];7,00;Здание старше 2008 года;132,77;Агентство недвижимости;11
Агентство недвижимости ВИЛЛАН;4,50;425000,00;3416,12;['коммунальные службы (пожарная станция, ЖЭК)', 'больницы и поликлиники', 'рынок и магазины с товарами первой необходимости', 'детские сады и школы:', 'остановки общественного транспорта', 'наличие зеленых насаждений (парки, скверы)', 'спортивные площадки', 'предприятия и учреждения, предоставляющие работу населению'];8,00;Здание не старше 2018 года;124,41;Агентство недвижимости;10
Аякс;3,90;500000,00;5259,28;['больницы и поликлиники', 'наличие зеленых насаждений (парки, скверы)', 'спортивные площадки', 'детские сады и школы:', 'рынок и магазины с товарами первой необходимости', 'остановки общественного транспорта'];6,00;Старое здание;95,07;Агентство недвижимости;16
Геометрия;4,10;275000,00;2357,28;['больницы и поликлиники', 'остановки общественного транспорта', 'спортивные площадки', 'детские сады и школы:'];4,00;Старое здание;116,66;Агентство недвижимости;15
ПрофРиелт;4,50;50000,00;530,11;['больницы и поликлиники', 'спортивные площадки', 'детские сады и школы:', 'предприятия и учреждения, предоставляющие работу населению', 'коммунальные службы (пожарная станция, ЖЭК)', 'наличие зеленых насаждений (парки, скверы)'];6,00;Здание не старше 2018 года;94,32;Агентство недвижимости;5
Аякс;3,80;425000,00;3451,64;['детские сады и школы:', 'коммунальные службы (пожарная станция, ЖЭК)', 'наличие зеленых насаждений (парки, скверы)', 'остановки общественного транспорта'];4,00;Здание старше 2008 года;123,13;Агентство недвижимости;12
Салон красоты Барбье;4,70;600000,00;10456,61;['детские сады и школы:', 'рынок и магазины с товарами первой необходимости', 'больницы и поликлиники', 'коммунальные службы (пожарная станция, ЖЭК)', 'остановки общественного транспорта'];5,00;Здание старше 2008 года;57,38;Салон красоты;17
Салон красоты Studio 13 Beauty;4,70;900000,00;14624,63;['остановки общественного транспорта', 'спортивные площадки', 'рынок и магазины с товарами первой необходимости', 'наличие зеленых насаждений (парки, скверы)'];4,00;Старое здание;61,54;Салон красоты;1
Персона;4,70;650000,00;4875,85;['больницы и поликлиники', 'коммунальные службы (пожарная станция, ЖЭК)', 'спортивные площадки', 'остановки общественного транспорта', 'предприятия и учреждения, предоставляющие работу населению'];5,00;Новое здание;133,31;Салон красоты;1
Салон красоты Пепел роз;5,00;550000,00;3991,00;['остановки общественного транспорта', 'наличие зеленых насаждений (парки, скверы)', 'больницы и поликлиники', 'коммунальные службы (пожарная станция, ЖЭК)', 'детские сады и школы:', 'предприятия и учреждения, предоставляющие работу населению'];6,00;Здание старше 2008 года;137,81;Салон красоты;16
Салон красоты Lokonoff;4,70;400000,00;3392,13;['спортивные площадки', 'больницы и поликлиники', 'предприятия и учреждения, предоставляющие работу населению', 'рынок и магазины с товарами первой необходимости', 'коммунальные службы (пожарная станция, ЖЭК)'];5,00;Новое здание;117,92;Салон красоты;13
"Cosma pro ""Косма про""";4,50;375000,00;2660,14;['спортивные площадки', 'предприятия и учреждения, предоставляющие работу населению', 'детские сады и школы:', 'коммунальные службы (пожарная станция, ЖЭК)', 'рынок и магазины с товарами первой необходимости', 'остановки общественного транспорта', 'больницы и поликлиники'];7,00;Здание не старше 2018 года;140,97;Салон красоты;1
Аэлита | Салон красоты Краснодар | Парикмахерская, маникюр, макияж;4,50;825000,00;9409,22;['предприятия и учреждения, предоставляющие работу населению', 'детские сады и школы:', 'рынок и магазины с товарами первой необходимости', 'наличие зеленых насаждений (парки, скверы)', 'коммунальные службы (пожарная станция, ЖЭК)', 'остановки общественного транспорта', 'спортивные площадки', 'больницы и поликлиники'];8,00;Старое здание;87,68;Салон красоты;16
Лавка Красоты by Виктория Стрига;4,90;525000,00;3855,19;['коммунальные службы (пожарная станция, ЖЭК)', 'детские сады и школы:', 'предприятия и учреждения, предоставляющие работу населению', 'больницы и поликлиники', 'наличие зеленых насаждений (парки, скверы)', 'остановки общественного транспорта', 'спортивные площадки', 'рынок и магазины с товарами первой необходимости'];8,00;Старое здание;136,18;Салон красоты;3
Салон красоты CARISMA beauty;4,80;850000,00;12522,10;['спортивные площадки'];1,00;Здание не старше 2018 года;67,88;Салон красоты;16
Имидж Студия На КАЛИНИНА Студия красоты;4,90;75000,00;1137,05;['коммунальные службы (пожарная станция, ЖЭК)', 'рынок и магазины с товарами первой необходимости', 'спортивные площадки', 'остановки общественного транспорта', 'детские сады и школы:', 'наличие зеленых насаждений (парки, скверы)'];6,00;Здание не старше 2018 года;65,96;Салон красоты;11
LePota | салон красоты Прикубанский округ | стрижки, маникюр, прокол ушей;4,00;350000,00;2720,98;['детские сады и школы:'];1,00;Здание не старше 2018 года;128,63;Салон красоты;7
Prime студия красоты;4,80;925000,00;9055,31;['спортивные площадки', 'детские сады и школы:'];2,00;Новое здание;102,15;Салон красоты;14
Парикмахерская Мастера Красоты №1;4,30;725000,00;12095,43;['остановки общественного транспорта', 'наличие зеленых насаждений (парки, скверы)', 'предприятия и учреждения, предоставляющие работу населению', 'детские сады и школы:', 'коммунальные службы (пожарная станция, ЖЭК)', 'спортивные площадки', 'больницы и поликлиники'];7,00;Здание не старше 2018 года;59,94;Салон красоты;16
Салон Zvereva;4,80;775000,00;24548,62;['остановки общественного транспорта'];1,00;Здание не старше 2018 года;31,57;Салон красоты;14
Салон красоты ЭГОИСТИКА;4,90;225000,00;2713,46;['коммунальные службы (пожарная станция, ЖЭК)', 'остановки общественного транспорта', 'наличие зеленых насаждений (парки, скверы)', 'спортивные площадки', 'рынок и магазины с товарами первой необходимости'];5,00;Здание старше 2008 года;82,92;Салон красоты;2
SaSSoon;4,80;875000,00;20068,81;['наличие зеленых насаждений (парки, скверы)', 'спортивные площадки', 'предприятия и учреждения, предоставляющие работу населению', 'детские сады и школы:'];4,00;Здание старше 2008 года;43,60;Салон красоты;9
Лаки Life Центральный;4,90;650000,00;6690,00;['рынок и магазины с товарами первой необходимости', 'детские сады и школы:', 'коммунальные службы (пожарная станция, ЖЭК)', 'наличие зеленых насаждений (парки, скверы)', 'остановки общественного транспорта', 'больницы и поликлиники', 'спортивные площадки', 'предприятия и учреждения, предоставляющие работу населению'];8,00;Старое здание;97,16;Салон красоты;10
Aldo Coppola;4,60;725000,00;18509,06;['остановки общественного транспорта'];1,00;Новое здание;39,17;Салон красоты;5
Салон красоты Точка Красоты;4,20;325000,00;2805,84;['остановки общественного транспорта', 'предприятия и учреждения, предоставляющие работу населению', 'детские сады и школы:', 'спортивные площадки', 'больницы и поликлиники', 'коммунальные службы (пожарная станция, ЖЭК)', 'наличие зеленых насаждений (парки, скверы)'];7,00;Здание старше 2008 года;115,83;Салон красоты;17
Сорока&Ёж;4,80;375000,00;15796,12;['детские сады и школы:', 'больницы и поликлиники', 'рынок и магазины с товарами первой необходимости', 'остановки общественного транспорта', 'наличие зеленых насаждений (парки, скверы)', 'спортивные площадки', 'коммунальные службы (пожарная станция, ЖЭК)'];7,00;Здание старше 2008 года;23,74;Салон красоты;6
STRIGA;4,80;775000,00;45534,67;['рынок и магазины с товарами первой необходимости', 'спортивные площадки'];2,00;Новое здание;17,02;Салон красоты;13
салон красоты EvroLuxe;4,50;350000,00;2546,57;['коммунальные службы (пожарная станция, ЖЭК)'];1,00;Здание не старше 2018 года;137,44;Салон красоты;10
Николь;4,70;400000,00;7606,01;['коммунальные службы (пожарная станция, ЖЭК)', 'предприятия и учреждения, предоставляющие работу населению', 'спортивные площадки', 'больницы и поликлиники', 'рынок и магазины с товарами первой необходимости', 'наличие зеленых насаждений (парки, скверы)'];6,00;Новое здание;52,59;Салон красоты;10
Дива;4,60;575000,00;27564,72;['детские сады и школы:', 'наличие зеленых насаждений (парки, скверы)', 'рынок и магазины с товарами первой необходимости', 'спортивные площадки', 'остановки общественного транспорта'];5,00;Здание старше 2008 года;20,86;Салон красоты;1
Салон Красоты Lеоновой Lюдмилы;4,60;250000,00;1766,78;['коммунальные службы (пожарная станция, ЖЭК)', 'рынок и магазины с товарами первой необходимости'];2,00;Старое здание;141,50;Салон красоты;3
Салон красоты Фламинго;4,10;800000,00;7226,09;['предприятия и учреждения, предоставляющие работу населению', 'больницы и поликлиники', 'рынок и магазины с товарами первой необходимости', 'остановки общественного транспорта', 'детские сады и школы:', 'наличие зеленых насаждений (парки, скверы)', 'коммунальные службы (пожарная станция, ЖЭК)', 'спортивные площадки'];8,00;Здание не старше 2018 года;110,71;Салон красоты;9
Марсель;4,60;200000,00;6435,01;['рынок и магазины с товарами первой необходимости', 'спортивные площадки', 'больницы и поликлиники', 'предприятия и учреждения, предоставляющие работу населению', 'наличие зеленых насаждений (парки, скверы)', 'коммунальные службы (пожарная станция, ЖЭК)', 'детские сады и школы:', 'остановки общественного транспорта'];8,00;Новое здание;31,08;Салон красоты;6
Студия красоты Виолетты Аверьяновой;4,90;125000,00;1553,76;['рынок и магазины с товарами первой необходимости'];1,00;Старое здание;80,45;Салон красоты;1
Студия красоты Лилии Колесниченко;4,90;725000,00;6012,61;['рынок и магазины с товарами первой необходимости', 'наличие зеленых насаждений (парки, скверы)', 'остановки общественного транспорта', 'детские сады и школы:', 'спортивные площадки'];5,00;Здание не старше 2018 года;120,58;Салон красоты;9
ART look;4,90;525000,00;21766,17;['наличие зеленых насаждений (парки, скверы)', 'коммунальные службы (пожарная станция, ЖЭК)', 'остановки общественного транспорта', 'больницы и поликлиники'];4,00;Здание не старше 2018 года;24,12;Салон красоты;10
LAVELLA;4,50;250000,00;3832,00;['предприятия и учреждения, предоставляющие работу населению', 'рынок и магазины с товарами первой необходимости', 'спортивные площадки', 'наличие зеленых насаждений (парки, скверы)', 'остановки общественного транспорта', 'коммунальные службы (пожарная станция, ЖЭК)', 'детские сады и школы:', 'больницы и поликлиники'];8,00;Здание старше 2008 года;65,24;Салон красоты;17
Трио+, салон красоты;4,50;675000,00;6244,80;['детские сады и школы:'];1,00;Здание старше 2008 года;108,09;Салон красоты;2
Салон Красоты Тамара г,Краснодар;4,40;250000,00;13014,06;['предприятия и учреждения, предоставляющие работу населению', 'больницы и поликлиники'];2,00;Здание старше 2008 года;19,21;Салон красоты;10
Студия красоты MAXIMUS;4,70;200000,00;8227,07;['спортивные площадки', 'наличие зеленых насаждений (парки, скверы)', 'детские сады и школы:', 'остановки общественного транспорта', 'рынок и магазины с товарами первой необходимости', 'больницы и поликлиники', 'коммунальные службы (пожарная станция, ЖЭК)', 'предприятия и учреждения, предоставляющие работу населению'];8,00;Старое здание;24,31;Салон красоты;15
Ваби-Саби;4,40;275000,00;7210,28;['остановки общественного транспорта'];1,00;Здание не старше 2018 года;38,14;Салон красоты;17
ЛА ДИГ Студия Красоты и Загара;4,10;650000,00;5111,27;['наличие зеленых насаждений (парки, скверы)', 'остановки общественного транспорта', 'рынок и магазины с товарами первой необходимости', 'коммунальные службы (пожарная станция, ЖЭК)', 'детские сады и школы:', 'больницы и поликлиники', 'спортивные площадки', 'предприятия и учреждения, предоставляющие работу населению'];8,00;Новое здание;127,17;Салон красоты;9
Салон красоты Среда;4,80;550000,00;5050,04;['больницы и поликлиники', 'коммунальные службы (пожарная станция, ЖЭК)', 'рынок и магазины с товарами первой необходимости', 'спортивные площадки'];4,00;Новое здание;108,91;Салон красоты;7
Local Beauty Club | Маникюр и Педикюр, Стрижка, Макияж, Коррекция бровей;4,90;725000,00;7516,07;['предприятия и учреждения, предоставляющие работу населению', 'спортивные площадки'];2,00;Здание не старше 2018 года;96,46;Салон красоты;6
Kistochka Студия Красоты;4,40;125000,00;5227,94;['наличие зеленых насаждений (парки, скверы)', 'спортивные площадки', 'остановки общественного транспорта', 'предприятия и учреждения, предоставляющие работу населению', 'рынок и магазины с товарами первой необходимости', 'больницы и поликлиники', 'детские сады и школы:'];7,00;Здание старше 2008 года;23,91;Салон красоты;13
Malina Студия Красоты;4,60;400000,00;4286,33;['больницы и поликлиники', 'рынок и магазины с товарами первой необходимости', 'детские сады и школы:', 'спортивные площадки', 'предприятия и учреждения, предоставляющие работу населению', 'остановки общественного транспорта', 'коммунальные службы (пожарная станция, ЖЭК)', 'наличие зеленых насаждений (парки, скверы)'];8,00;Новое здание;93,32;Салон красоты;4
Дюна, студия красоты;4,60;350000,00;10906,82;['больницы и поликлиники', 'рынок и магазины с товарами первой необходимости', 'наличие зеленых насаждений (парки, скверы)', 'предприятия и учреждения, предоставляющие работу населению', 'спортивные площадки', 'детские сады и школы:', 'коммунальные службы (пожарная станция, ЖЭК)'];7,00;Старое здание;32,09;Салон красоты;4
La Santé;4,10;100000,00;893,58;['наличие зеленых насаждений (парки, скверы)'];1,00;Здание старше 2008 года;111,91;Салон красоты;16
БигудиНово Салон Красоты;4,70;825000,00;6532,07;['спортивные площадки', 'рынок и магазины с товарами первой необходимости', 'детские сады и школы:', 'коммунальные службы (пожарная станция, ЖЭК)'];4,00;Новое здание;126,30;Салон красоты;15
Авторская студия прически Сергея Дубровского;4,90;250000,00;2655,62;['остановки общественного транспорта', 'предприятия и учреждения, предоставляющие работу населению', 'наличие зеленых насаждений (парки, скверы)', 'рынок и магазины с товарами первой необходимости', 'коммунальные службы (пожарная станция, ЖЭК)', 'спортивные площадки', 'детские сады и школы:', 'больницы и поликлиники'];8,00;Здание не старше 2018 года;94,14;Салон красоты;7
Позитив;4,60;425000,00;4569,40;['остановки общественного транспорта', 'наличие зеленых насаждений (парки, скверы)', 'спортивные площадки', 'предприятия и учреждения, предоставляющие работу населению', 'детские сады и школы:', 'рынок и магазины с товарами первой необходимости', 'больницы и поликлиники', 'коммунальные службы (пожарная станция, ЖЭК)'];8,00;Новое здание;93,01;Салон красоты;7
Салон красоты Honey |парикмахерская, маникюр, эпиляция, Краснодар;4,80;525000,00;6783,82;['спортивные площадки'];1,00;Здание старше 2008 года;77,39;Салон красоты;6
Салон красоты SAY;4,70;750000,00;8363,07;['больницы и поликлиники', 'рынок и магазины с товарами первой необходимости', 'наличие зеленых насаждений (парки, скверы)', 'спортивные площадки'];4,00;Новое здание;89,68;Салон красоты;12
Салон красоты Prostranstvo beauty&spa;4,80;650000,00;6794,19;['наличие зеленых насаждений (парки, скверы)', 'больницы и поликлиники', 'предприятия и учреждения, предоставляющие работу населению', 'рынок и магазины с товарами первой необходимости', 'коммунальные службы (пожарная станция, ЖЭК)', 'остановки общественного транспорта', 'спортивные площадки'];7,00;Старое здание;95,67;Салон красоты;7
Салон красоты Натальи Шаропат;4,90;125000,00;2404,31;['спортивные площадки', 'больницы и поликлиники', 'остановки общественного транспорта'];3,00;Здание не старше 2018 года;51,99;Салон красоты;10
Бусы&Усы Салон красоты;4,70;450000,00;3600,86;['больницы и поликлиники', 'спортивные площадки', 'остановки общественного транспорта', 'детские сады и школы:', 'наличие зеленых насаждений (парки, скверы)'];5,00;Новое здание;124,97;Салон красоты;16
Багира;5,00;525000,00;6011,68;['детские сады и школы:', 'наличие зеленых насаждений (парки, скверы)', 'больницы и поликлиники', 'спортивные площадки', 'рынок и магазины с товарами первой необходимости', 'коммунальные службы (пожарная станция, ЖЭК)'];6,00;Новое здание;87,33;Салон красоты;12
Студия красоты Expert Hair;5,00;425000,00;3095,19;['предприятия и учреждения, предоставляющие работу населению', 'рынок и магазины с товарами первой необходимости'];2,00;Здание старше 2008 года;137,31;Салон красоты;6
Нота;4,60;875000,00;7953,82;['коммунальные службы (пожарная станция, ЖЭК)', 'остановки общественного транспорта', 'рынок и магазины с товарами первой необходимости', 'детские сады и школы:', 'предприятия и учреждения, предоставляющие работу населению', 'наличие зеленых насаждений (парки, скверы)'];6,00;Старое здание;110,01;Салон красоты;10
Феникс | Центр здоровья и красоты Краснодар | Парикмахерская, косметология, массаж;4,60;550000,00;25217,79;['спортивные площадки', 'детские сады и школы:', 'предприятия и учреждения, предоставляющие работу населению', 'коммунальные службы (пожарная станция, ЖЭК)', 'больницы и поликлиники', 'наличие зеленых насаждений (парки, скверы)', 'остановки общественного транспорта'];7,00;Старое здание;21,81;Салон красоты;11
Студия No Name Hair;4,90;700000,00;8591,07;['больницы и поликлиники', 'коммунальные службы (пожарная станция, ЖЭК)', 'предприятия и учреждения, предоставляющие работу населению', 'детские сады и школы:'];4,00;Здание старше 2008 года;81,48;Парикмахерская;4
DaNata;4,30;300000,00;2714,93;['детские сады и школы:', 'рынок и магазины с товарами первой необходимости', 'спортивные площадки', 'коммунальные службы (пожарная станция, ЖЭК)', 'предприятия и учреждения, предоставляющие работу населению'];5,00;Здание старше 2008 года;110,50;Салон красоты;1
Сахар салон красоты;5,00;325000,00;2527,61;['наличие зеленых насаждений (парки, скверы)', 'предприятия и учреждения, предоставляющие работу населению', 'остановки общественного транспорта'];3,00;Здание старше 2008 года;128,58;Салон красоты;17
Krasota;4,80;900000,00;9137,06;['больницы и поликлиники', 'наличие зеленых насаждений (парки, скверы)', 'коммунальные службы (пожарная станция, ЖЭК)', 'рынок и магазины с товарами первой необходимости', 'спортивные площадки', 'остановки общественного транспорта', 'предприятия и учреждения, предоставляющие работу населению'];7,00;Здание старше 2008 года;98,50;Салон красоты;9
Салон HAYPE;4,20;975000,00;8833,12;['спортивные площадки', 'коммунальные службы (пожарная станция, ЖЭК)'];2,00;Старое здание;110,38;Салон красоты;7
Институт красоты BABOR;4,90;975000,00;9618,23;['наличие зеленых насаждений (парки, скверы)', 'детские сады и школы:', 'предприятия и учреждения, предоставляющие работу населению', 'спортивные площадки'];4,00;Новое здание;101,37;Салон красоты;2
Салон красоты Оттенки Лета;4,40;50000,00;708,52;['больницы и поликлиники', 'наличие зеленых насаждений (парки, скверы)', 'предприятия и учреждения, предоставляющие работу населению', 'спортивные площадки', 'детские сады и школы:'];5,00;Новое здание;70,57;Салон красоты;10
ЛИНЛАЙН-V,I,F, клиника и салон красоты;4,80;350000,00;4184,60;['наличие зеленых насаждений (парки, скверы)', 'остановки общественного транспорта', 'коммунальные службы (пожарная станция, ЖЭК)', 'предприятия и учреждения, предоставляющие работу населению'];4,00;Здание старше 2008 года;83,64;Салон красоты;13
100лица Красоты;5,00;700000,00;7964,50;['коммунальные службы (пожарная станция, ЖЭК)', 'детские сады и школы:', 'наличие зеленых насаждений (парки, скверы)', 'остановки общественного транспорта', 'спортивные площадки', 'больницы и поликлиники', 'рынок и магазины с товарами первой необходимости', 'предприятия и учреждения, предоставляющие работу населению'];8,00;Здание старше 2008 года;87,89;Салон красоты;4
Салон красоты Rich;4,60;450000,00;5452,56;['больницы и поликлиники'];1,00;Новое здание;82,53;Салон красоты;11
E&C standart authentica club;4,80;650000,00;10933,56;['остановки общественного транспорта', 'детские сады и школы:', 'больницы и поликлиники'];3,00;Старое здание;59,45;Парикмахерская;2
Парикмахерский салон Caramel Colors;4,40;775000,00;7052,51;['остановки общественного транспорта', 'детские сады и школы:', 'предприятия и учреждения, предоставляющие работу населению', 'наличие зеленых насаждений (парки, скверы)', 'больницы и поликлиники'];5,00;Здание не старше 2018 года;109,89;Салон красоты;3
Lady Star | Косметология Краснодар | Прокол ушей, чистка лица, массаж;4,30;850000,00;6438,42;['коммунальные службы (пожарная станция, ЖЭК)', 'рынок и магазины с товарами первой необходимости', 'предприятия и учреждения, предоставляющие работу населению', 'наличие зеленых насаждений (парки, скверы)'];4,00;Новое здание;132,02;Салон красоты;15
Студия маникюра и педикюра (салон красоты) в Краснодаре «Madam Coco»;4,40;475000,00;8856,98;['рынок и магазины с товарами первой необходимости', 'детские сады и школы:', 'остановки общественного транспорта', 'больницы и поликлиники', 'коммунальные службы (пожарная станция, ЖЭК)', 'наличие зеленых насаждений (парки, скверы)', 'предприятия и учреждения, предоставляющие работу населению', 'спортивные площадки'];8,00;Старое здание;53,63;Маникюр и педикюр;15
Парикмахерская;4,60;575000,00;4621,44;['рынок и магазины с товарами первой необходимости', 'наличие зеленых насаждений (парки, скверы)', 'детские сады и школы:', 'спортивные площадки', 'предприятия и учреждения, предоставляющие работу населению', 'коммунальные службы (пожарная станция, ЖЭК)', 'остановки общественного транспорта', 'больницы и поликлиники'];8,00;Старое здание;124,42;Салон красоты;11
"Салон Красоты ""Montpellier""";5,00;525000,00;4642,32;['наличие зеленых насаждений (парки, скверы)', 'остановки общественного транспорта', 'спортивные площадки', 'детские сады и школы:', 'рынок и магазины с товарами первой необходимости', 'больницы и поликлиники'];6,00;Старое здание;113,09;Салон красоты;16
Aloe Spa;4,50;900000,00;8261,43;['детские сады и школы:', 'спортивные площадки', 'остановки общественного транспорта', 'коммунальные службы (пожарная станция, ЖЭК)', 'больницы и поликлиники', 'рынок и магазины с товарами первой необходимости', 'наличие зеленых насаждений (парки, скверы)', 'предприятия и учреждения, предоставляющие работу населению'];8,00;Здание старше 2008 года;108,94;Салон красоты;5
"Студия ""Красота 24/7""";5,00;75000,00;1743,78;['детские сады и школы:', 'спортивные площадки', 'наличие зеленых насаждений (парки, скверы)', 'коммунальные службы (пожарная станция, ЖЭК)'];4,00;Здание старше 2008 года;43,01;Салон красоты;16
Салон красоты DI-STYLE;4,70;675000,00;4845,31;['коммунальные службы (пожарная станция, ЖЭК)', 'наличие зеленых насаждений (парки, скверы)', 'спортивные площадки', 'детские сады и школы:', 'предприятия и учреждения, предоставляющие работу населению', 'рынок и магазины с товарами первой необходимости', 'остановки общественного транспорта'];7,00;Старое здание;139,31;Салон красоты;3
Институт красоты Excellence;4,80;225000,00;2410,80;['остановки общественного транспорта', 'наличие зеленых насаждений (парки, скверы)', 'предприятия и учреждения, предоставляющие работу населению', 'спортивные площадки', 'детские сады и школы:', 'больницы и поликлиники', 'коммунальные службы (пожарная станция, ЖЭК)'];7,00;Здание старше 2008 года;93,33;Медицинский центр;8
Lakshmi nail & beauty club;4,60;350000,00;3055,17;['наличие зеленых насаждений (парки, скверы)', 'больницы и поликлиники', 'рынок и магазины с товарами первой необходимости', 'предприятия и учреждения, предоставляющие работу населению', 'остановки общественного транспорта'];5,00;Здание не старше 2018 года;114,56;Салон красоты;5
"Студия красоты ""Аврора""";4,70;550000,00;3901,26;['наличие зеленых насаждений (парки, скверы)'];1,00;Старое здание;140,98;Салон красоты;2
Студия маникюра и педикюра (салон красоты) в Краснодаре «На Клавишах»;4,60;950000,00;13440,86;['спортивные площадки', 'предприятия и учреждения, предоставляющие работу населению', 'наличие зеленых насаждений (парки, скверы)', 'рынок и магазины с товарами первой необходимости', 'остановки общественного транспорта', 'коммунальные службы (пожарная станция, ЖЭК)', 'детские сады и школы:', 'больницы и поликлиники'];8,00;Здание старше 2008 года;70,68;Маникюр и педикюр;7
K Studio;5,00;575000,00;3927,06;['остановки общественного транспорта', 'предприятия и учреждения, предоставляющие работу населению', 'наличие зеленых насаждений (парки, скверы)', 'больницы и поликлиники', 'спортивные площадки', 'коммунальные службы (пожарная станция, ЖЭК)', 'рынок и магазины с товарами первой необходимости', 'детские сады и школы:'];8,00;Новое здание;146,42;Салон красоты;8
"Студия Красоты ""MEI""";4,30;575000,00;5308,84;['рынок и магазины с товарами первой необходимости', 'предприятия и учреждения, предоставляющие работу населению'];2,00;Старое здание;108,31;Салон красоты;1
STUDIO GLEAM;4,90;350000,00;11286,68;['детские сады и школы:', 'остановки общественного транспорта', 'коммунальные службы (пожарная станция, ЖЭК)', 'больницы и поликлиники', 'предприятия и учреждения, предоставляющие работу населению', 'наличие зеленых насаждений (парки, скверы)', 'спортивные площадки', 'рынок и магазины с товарами первой необходимости'];8,00;Старое здание;31,01;Салон красоты;5
Annadema, студия красоты;4,70;675000,00;8348,79;['спортивные площадки', 'детские сады и школы:', 'рынок и магазины с товарами первой необходимости', 'предприятия и учреждения, предоставляющие работу населению', 'остановки общественного транспорта', 'наличие зеленых насаждений (парки, скверы)', 'коммунальные службы (пожарная станция, ЖЭК)'];7,00;Новое здание;80,85;Салон красоты;6
Pudra студия красоты Парикмахерская Краснодар;5,00;225000,00;2216,53;['рынок и магазины с товарами первой необходимости', 'спортивные площадки', 'предприятия и учреждения, предоставляющие работу населению', 'детские сады и школы:', 'больницы и поликлиники'];5,00;Старое здание;101,51;Салон красоты;4
PINK PANTER;4,90;375000,00;4074,32;['рынок и магазины с товарами первой необходимости', 'спортивные площадки', 'остановки общественного транспорта', 'больницы и поликлиники', 'детские сады и школы:', 'коммунальные службы (пожарная станция, ЖЭК)', 'наличие зеленых насаждений (парки, скверы)', 'предприятия и учреждения, предоставляющие работу населению'];8,00;Здание не старше 2018 года;92,04;Салон красоты;1
Красота;4,30;525000,00;3883,14;['предприятия и учреждения, предоставляющие работу населению', 'остановки общественного транспорта', 'коммунальные службы (пожарная станция, ЖЭК)', 'спортивные площадки', 'наличие зеленых насаждений (парки, скверы)'];5,00;Здание старше 2008 года;135,20;Салон красоты;5
Монро;4,00;875000,00;10084,13;['остановки общественного транспорта', 'спортивные площадки', 'коммунальные службы (пожарная станция, ЖЭК)', 'рынок и магазины с товарами первой необходимости', 'детские сады и школы:', 'больницы и поликлиники'];6,00;Старое здание;86,77;Салон красоты;7
Beauty room;4,40;650000,00;6982,49;['спортивные площадки', 'наличие зеленых насаждений (парки, скверы)', 'рынок и магазины с товарами первой необходимости'];3,00;Старое здание;93,09;Салон красоты;1
haircontrol international beauty salon;4,80;950000,00;22442,71;['больницы и поликлиники', 'наличие зеленых насаждений (парки, скверы)', 'рынок и магазины с товарами первой необходимости', 'остановки общественного транспорта'];4,00;Старое здание;42,33;Салон красоты;6
Студия красоты BeautyAcademy;4,80;325000,00;4611,89;['остановки общественного транспорта', 'наличие зеленых насаждений (парки, скверы)'];2,00;Здание старше 2008 года;70,47;Салон красоты;5
SKY beauty ROOM;4,80;75000,00;687,88;['наличие зеленых насаждений (парки, скверы)', 'детские сады и школы:', 'рынок и магазины с товарами первой необходимости', 'спортивные площадки', 'больницы и поликлиники', 'остановки общественного транспорта', 'коммунальные службы (пожарная станция, ЖЭК)'];7,00;Здание не старше 2018 года;109,03;Салон красоты;7
Студия Ирины Левченко;4,30;350000,00;3872,97;['больницы и поликлиники'];1,00;Здание старше 2008 года;90,37;Салон красоты;7
Дюна Spa - Салон красоты, Спа, Хаммам;4,50;850000,00;11709,60;['остановки общественного транспорта', 'рынок и магазины с товарами первой необходимости', 'детские сады и школы:', 'коммунальные службы (пожарная станция, ЖЭК)', 'наличие зеленых насаждений (парки, скверы)', 'спортивные площадки'];6,00;Здание не старше 2018 года;72,59;Салон красоты;14
Студия маникюра и педикюра (салон красоты) в Краснодаре «На Клавишах»;4,10;50000,00;1036,70;['детские сады и школы:', 'рынок и магазины с товарами первой необходимости', 'наличие зеленых насаждений (парки, скверы)', 'остановки общественного транспорта', 'коммунальные службы (пожарная станция, ЖЭК)', 'предприятия и учреждения, предоставляющие работу населению', 'спортивные площадки', 'больницы и поликлиники'];8,00;Здание не старше 2018 года;48,23;Маникюр и педикюр;8
Шарм Эль Шик;4,10;75000,00;542,77;['спортивные площадки', 'предприятия и учреждения, предоставляющие работу населению', 'рынок и магазины с товарами первой необходимости', 'детские сады и школы:'];4,00;Новое здание;138,18;Салон красоты;2
Имидж-лэнд;4,50;325000,00;2692,18;['коммунальные службы (пожарная станция, ЖЭК)', 'наличие зеленых насаждений (парки, скверы)', 'предприятия и учреждения, предоставляющие работу населению', 'рынок и магазины с товарами первой необходимости', 'детские сады и школы:', 'спортивные площадки', 'остановки общественного транспорта'];7,00;Новое здание;120,72;Салон красоты;7
Be Happy;4,30;700000,00;6629,42;['детские сады и школы:', 'наличие зеленых насаждений (парки, скверы)', 'коммунальные службы (пожарная станция, ЖЭК)', 'предприятия и учреждения, предоставляющие работу населению'];4,00;Здание не старше 2018 года;105,59;Салон красоты;10
Magic Studio;4,50;150000,00;1424,64;['предприятия и учреждения, предоставляющие работу населению', 'рынок и магазины с товарами первой необходимости', 'остановки общественного транспорта', 'больницы и поликлиники', 'спортивные площадки', 'коммунальные службы (пожарная станция, ЖЭК)', 'детские сады и школы:', 'наличие зеленых насаждений (парки, скверы)'];8,00;Здание не старше 2018 года;105,29;Салон красоты;17
Империя красоты;4,80;200000,00;1466,92;['детские сады и школы:', 'коммунальные службы (пожарная станция, ЖЭК)', 'спортивные площадки', 'предприятия и учреждения, предоставляющие работу населению', 'рынок и магазины с товарами первой необходимости', 'больницы и поликлиники', 'наличие зеленых насаждений (парки, скверы)', 'остановки общественного транспорта'];8,00;Старое здание;136,34;Салон красоты;3
Эстетик Лайн;3,90;775000,00;6515,34;['спортивные площадки', 'наличие зеленых насаждений (парки, скверы)', 'детские сады и школы:', 'коммунальные службы (пожарная станция, ЖЭК)', 'предприятия и учреждения, предоставляющие работу населению'];5,00;Здание не старше 2018 года;118,95;Салон красоты;10
Студия маникюра и педикюра (салон красоты) в Краснодаре «На Клавишах»;4,60;800000,00;5612,85;['спортивные площадки', 'наличие зеленых насаждений (парки, скверы)', 'рынок и магазины с товарами первой необходимости', 'коммунальные службы (пожарная станция, ЖЭК)', 'остановки общественного транспорта', 'больницы и поликлиники', 'детские сады и школы:'];7,00;Здание старше 2008 года;142,53;Маникюр и педикюр;2
Аэлита | Салон красоты Краснодар | Парикмахерская, маникюр, макияж;4,50;475000,00;7307,69;['остановки общественного транспорта', 'коммунальные службы (пожарная станция, ЖЭК)', 'детские сады и школы:', 'рынок и магазины с товарами первой необходимости', 'спортивные площадки', 'больницы и поликлиники', 'наличие зеленых насаждений (парки, скверы)', 'предприятия и учреждения, предоставляющие работу населению'];8,00;Новое здание;65,00;Мужская парикмахерская;10
Парикмахерская;4,50;400000,00;3165,31;['коммунальные службы (пожарная станция, ЖЭК)', 'детские сады и школы:', 'больницы и поликлиники', 'наличие зеленых насаждений (парки, скверы)', 'рынок и магазины с товарами первой необходимости'];5,00;Здание не старше 2018 года;126,37;Мужская парикмахерская;1
Салон-парикмахерская Мария | Краснодар | Стрижки, макияж, коррекция бровей;4,70;325000,00;3105,59;['больницы и поликлиники', 'коммунальные службы (пожарная станция, ЖЭК)', 'рынок и магазины с товарами первой необходимости', 'детские сады и школы:', 'предприятия и учреждения, предоставляющие работу населению', 'остановки общественного транспорта'];6,00;Старое здание;104,65;Мужская парикмахерская;14
Авторская студия прически Сергея Дубровского;4,90;100000,00;1823,15;['наличие зеленых насаждений (парки, скверы)', 'остановки общественного транспорта', 'коммунальные службы (пожарная станция, ЖЭК)', 'предприятия и учреждения, предоставляющие работу населению'];4,00;Здание не старше 2018 года;54,85;Мужская парикмахерская;6
Красотка;4,70;725000,00;11659,70;['наличие зеленых насаждений (парки, скверы)', 'детские сады и школы:', 'остановки общественного транспорта', 'больницы и поликлиники', 'спортивные площадки', 'рынок и магазины с товарами первой необходимости', 'коммунальные службы (пожарная станция, ЖЭК)', 'предприятия и учреждения, предоставляющие работу населению'];8,00;Здание старше 2008 года;62,18;Мужская парикмахерская;11
Персона;4,70;775000,00;5373,36;['детские сады и школы:', 'рынок и магазины с товарами первой необходимости', 'спортивные площадки', 'больницы и поликлиники', 'предприятия и учреждения, предоставляющие работу населению', 'остановки общественного транспорта', 'наличие зеленых насаждений (парки, скверы)'];7,00;Новое здание;144,23;Салон красоты;8
Хищник;5,00;200000,00;3001,20;['предприятия и учреждения, предоставляющие работу населению', 'рынок и магазины с товарами первой необходимости'];2,00;Старое здание;66,64;Мужская парикмахерская;8
Парикмахерская;4,60;625000,00;8877,84;['детские сады и школы:', 'остановки общественного транспорта', 'спортивные площадки', 'предприятия и учреждения, предоставляющие работу населению', 'коммунальные службы (пожарная станция, ЖЭК)', 'больницы и поликлиники', 'рынок и магазины с товарами первой необходимости', 'наличие зеленых насаждений (парки, скверы)'];8,00;Здание старше 2008 года;70,40;Мужская парикмахерская;8
Парикмахерская Мастера Красоты №1;4,30;75000,00;1697,22;['наличие зеленых насаждений (парки, скверы)'];1,00;Здание старше 2008 года;44,19;Мужская парикмахерская;12
Парикмахерская;4,70;125000,00;854,47;['остановки общественного транспорта', 'больницы и поликлиники', 'спортивные площадки'];3,00;Новое здание;146,29;Мужская парикмахерская;16
Big Bro Мужская парикмахерская;4,90;875000,00;8941,34;['коммунальные службы (пожарная станция, ЖЭК)', 'детские сады и школы:', 'рынок и магазины с товарами первой необходимости', 'спортивные площадки'];4,00;Старое здание;97,86;Мужская парикмахерская;4
"Парикмахерская ""Для Вас""";4,40;650000,00;4502,01;['спортивные площадки', 'рынок и магазины с товарами первой необходимости', 'больницы и поликлиники'];3,00;Здание не старше 2018 года;144,38;Парикмахерская;6
Незабудка, Парикмахерская;4,50;475000,00;3430,10;['детские сады и школы:', 'коммунальные службы (пожарная станция, ЖЭК)', 'предприятия и учреждения, предоставляющие работу населению', 'спортивные площадки', 'рынок и магазины с товарами первой необходимости'];5,00;Старое здание;138,48;Мужская парикмахерская;11
Парикмахерская фиксированных цен;4,40;875000,00;8069,72;['коммунальные службы (пожарная станция, ЖЭК)', 'рынок и магазины с товарами первой необходимости', 'детские сады и школы:', 'наличие зеленых насаждений (парки, скверы)', 'остановки общественного транспорта'];5,00;Здание старше 2008 года;108,43;Парикмахерская;1
Салон красоты Lokonoff;4,70;350000,00;4893,05;['наличие зеленых насаждений (парки, скверы)'];1,00;Новое здание;71,53;Салон красоты;13
Жасмин;4,40;300000,00;15847,86;['коммунальные службы (пожарная станция, ЖЭК)', 'наличие зеленых насаждений (парки, скверы)', 'остановки общественного транспорта'];3,00;Здание не старше 2018 года;18,93;Мужская парикмахерская;5
Парикмахерская;4,20;650000,00;4476,89;['наличие зеленых насаждений (парки, скверы)', 'детские сады и школы:', 'рынок и магазины с товарами первой необходимости', 'коммунальные службы (пожарная станция, ЖЭК)'];4,00;Старое здание;145,19;Мужская парикмахерская;8
Венеция, Парикмахерская;4,40;600000,00;6365,37;['рынок и магазины с товарами первой необходимости', 'наличие зеленых насаждений (парки, скверы)', 'предприятия и учреждения, предоставляющие работу населению', 'коммунальные службы (пожарная станция, ЖЭК)', 'спортивные площадки', 'больницы и поликлиники'];6,00;Здание старше 2008 года;94,26;Салон красоты;6
Салон красоты Барбье;4,70;475000,00;12379,46;['наличие зеленых насаждений (парки, скверы)', 'спортивные площадки'];2,00;Старое здание;38,37;Мужская парикмахерская;12
Парикмахерский салон Caramel Colors;4,40;300000,00;2363,32;['коммунальные службы (пожарная станция, ЖЭК)', 'рынок и магазины с товарами первой необходимости', 'спортивные площадки', 'наличие зеленых насаждений (парки, скверы)', 'больницы и поликлиники', 'остановки общественного транспорта'];6,00;Здание старше 2008 года;126,94;Мужская парикмахерская;5
SOS, аптека;3,90;125000,00;2519,65;['наличие зеленых насаждений (парки, скверы)', 'коммунальные службы (пожарная станция, ЖЭК)', 'больницы и поликлиники', 'остановки общественного транспорта', 'рынок и магазины с товарами первой необходимости', 'спортивные площадки', 'детские сады и школы:', 'предприятия и учреждения, предоставляющие работу населению'];8,00;Здание не старше 2018 года;49,61;Аптека;2
АПТЕЧНЫЙ МИР;3,20;225000,00;6803,75;['предприятия и учреждения, предоставляющие работу населению'];1,00;Старое здание;33,07;Аптека;1
Аптеки Кубани, №3;4,40;950000,00;10381,38;['рынок и магазины с товарами первой необходимости', 'предприятия и учреждения, предоставляющие работу населению', 'остановки общественного транспорта', 'детские сады и школы:', 'больницы и поликлиники'];5,00;Здание старше 2008 года;91,51;Аптека;10
Аптека низких цен SOS;4,90;475000,00;5958,35;['наличие зеленых насаждений (парки, скверы)', 'предприятия и учреждения, предоставляющие работу населению', 'остановки общественного транспорта', 'рынок и магазины с товарами первой необходимости', 'коммунальные службы (пожарная станция, ЖЭК)', 'спортивные площадки', 'больницы и поликлиники'];7,00;Старое здание;79,72;Аптека;7
Дешевая Аптека;3,00;400000,00;5051,14;['спортивные площадки', 'предприятия и учреждения, предоставляющие работу населению', 'больницы и поликлиники', 'остановки общественного транспорта', 'коммунальные службы (пожарная станция, ЖЭК)', 'рынок и магазины с товарами первой необходимости'];6,00;Новое здание;79,19;Аптека;3
Аптеки Кубани, №508;4,50;600000,00;4502,81;['больницы и поликлиники', 'спортивные площадки', 'остановки общественного транспорта', 'коммунальные службы (пожарная станция, ЖЭК)', 'рынок и магазины с товарами первой необходимости'];5,00;Здание старше 2008 года;133,25;Аптека;7
Ригла, ООО, сеть аптек;2,20;100000,00;882,92;['детские сады и школы:', 'наличие зеленых насаждений (парки, скверы)', 'больницы и поликлиники', 'предприятия и учреждения, предоставляющие работу населению'];4,00;Здание не старше 2018 года;113,26;Аптека;14
Аптеки Кубани, № 6;4,20;200000,00;2233,64;['больницы и поликлиники', 'спортивные площадки', 'предприятия и учреждения, предоставляющие работу населению'];3,00;Старое здание;89,54;Аптека;11
АПТЕЧНЫЙ МИР;3,00;900000,00;17832,38;['детские сады и школы:', 'спортивные площадки', 'предприятия и учреждения, предоставляющие работу населению', 'наличие зеленых насаждений (парки, скверы)'];4,00;Здание не старше 2018 года;50,47;Аптека;12
"Аптека ""Вита плюс""";4,20;300000,00;2497,09;['детские сады и школы:', 'больницы и поликлиники', 'спортивные площадки', 'предприятия и учреждения, предоставляющие работу населению', 'коммунальные службы (пожарная станция, ЖЭК)'];5,00;Новое здание;120,14;Аптека;11
Дешевая Аптека № 53;4,50;625000,00;4356,92;['больницы и поликлиники', 'наличие зеленых насаждений (парки, скверы)', 'спортивные площадки', 'предприятия и учреждения, предоставляющие работу населению'];4,00;Старое здание;143,45;Аптека;2
Аптека ВИТА ЦЕНТРАЛЬНАЯ;4,80;700000,00;4991,80;['детские сады и школы:', 'спортивные площадки', 'больницы и поликлиники', 'остановки общественного транспорта', 'предприятия и учреждения, предоставляющие работу населению', 'рынок и магазины с товарами первой необходимости'];6,00;Новое здание;140,23;Аптека;5
Аптека SOS;3,50;725000,00;11693,55;['больницы и поликлиники', 'рынок и магазины с товарами первой необходимости', 'спортивные площадки', 'наличие зеленых насаждений (парки, скверы)'];4,00;Старое здание;62,00;Аптека;3
Аптека Социальная;5,00;925000,00;9306,77;['рынок и магазины с товарами первой необходимости', 'больницы и поликлиники', 'коммунальные службы (пожарная станция, ЖЭК)', 'предприятия и учреждения, предоставляющие работу населению'];4,00;Старое здание;99,39;Аптека;4
Дешёвая аптека;5,00;675000,00;17041,15;['коммунальные службы (пожарная станция, ЖЭК)', 'рынок и магазины с товарами первой необходимости'];2,00;Старое здание;39,61;Аптека;3
Социальная аптека № 13;4,60;775000,00;5198,20;['спортивные площадки', 'коммунальные службы (пожарная станция, ЖЭК)', 'остановки общественного транспорта', 'наличие зеленых насаждений (парки, скверы)', 'больницы и поликлиники', 'рынок и магазины с товарами первой необходимости', 'предприятия и учреждения, предоставляющие работу населению', 'детские сады и школы:'];8,00;Здание старше 2008 года;149,09;Аптека;4
Аптеки Кубани, № 13;3,70;400000,00;9512,49;['наличие зеленых насаждений (парки, скверы)', 'спортивные площадки', 'коммунальные службы (пожарная станция, ЖЭК)', 'предприятия и учреждения, предоставляющие работу населению', 'рынок и магазины с товарами первой необходимости', 'детские сады и школы:'];6,00;Старое здание;42,05;Аптека;9
Фармсервис;5,00;300000,00;3011,44;['больницы и поликлиники', 'рынок и магазины с товарами первой необходимости', 'предприятия и учреждения, предоставляющие работу населению', 'спортивные площадки', 'коммунальные службы (пожарная станция, ЖЭК)', 'детские сады и школы:', 'остановки общественного транспорта', 'наличие зеленых насаждений (парки, скверы)'];8,00;Здание старше 2008 года;99,62;Аптека;3
АПТЕЧНЫЙ МИР;3,00;225000,00;5117,13;['детские сады и школы:', 'больницы и поликлиники', 'наличие зеленых насаждений (парки, скверы)', 'предприятия и учреждения, предоставляющие работу населению'];4,00;Здание старше 2008 года;43,97;Аптека;4
Медицинский центр на героя Яцкова, Лечебно-хирургический центр, КТ, УЗИ, забор анализов, ПЦР, аптека;3,80;150000,00;2100,55;['наличие зеленых насаждений (парки, скверы)', 'рынок и магазины с товарами первой необходимости', 'спортивные площадки', 'коммунальные службы (пожарная станция, ЖЭК)', 'остановки общественного транспорта', 'предприятия и учреждения, предоставляющие работу населению'];6,00;Новое здание;71,41;Медицинская клиника;17
МедикУм | Клиника Краснодар | Дерматолог, гинеколог, УЗИ;4,30;650000,00;5452,11;['спортивные площадки', 'коммунальные службы (пожарная станция, ЖЭК)', 'больницы и поликлиники', 'наличие зеленых насаждений (парки, скверы)', 'предприятия и учреждения, предоставляющие работу населению'];5,00;Старое здание;119,22;Медицинская клиника;9
Клиника современной хирургии ЗДРАВА;3,80;650000,00;10509,30;['остановки общественного транспорта'];1,00;Новое здание;61,85;Медицинская клиника;8
"ООО МЦ ""Клиника Южная""";5,00;800000,00;8632,78;['наличие зеленых насаждений (парки, скверы)', 'остановки общественного транспорта', 'рынок и магазины с товарами первой необходимости', 'спортивные площадки', 'коммунальные службы (пожарная станция, ЖЭК)', 'больницы и поликлиники', 'детские сады и школы:'];7,00;Здание старше 2008 года;92,67;Медицинская клиника;2
Медицинский центр на Кубанской Набережной, Клиника Екатерининская, Стоматология, КТ и МРТ, аптека;3,30;525000,00;7975,09;['наличие зеленых насаждений (парки, скверы)', 'больницы и поликлиники', 'остановки общественного транспорта', 'коммунальные службы (пожарная станция, ЖЭК)'];4,00;Новое здание;65,83;Медицинский центр;2
Клиника Солнечная в Краснодаре | анализы, МРТ, медицинские справки;4,10;550000,00;8253,30;['спортивные площадки', 'больницы и поликлиники'];2,00;Здание старше 2008 года;66,64;Медицинская клиника;15
Клиника Клиницист на Калинина;4,90;250000,00;3339,12;['больницы и поликлиники', 'спортивные площадки', 'остановки общественного транспорта', 'рынок и магазины с товарами первой необходимости', 'детские сады и школы:', 'предприятия и учреждения, предоставляющие работу населению', 'коммунальные службы (пожарная станция, ЖЭК)'];7,00;Новое здание;74,87;Медицинская клиника;13
Будь Здоров;3,90;525000,00;3625,19;['спортивные площадки', 'предприятия и учреждения, предоставляющие работу населению', 'детские сады и школы:', 'больницы и поликлиники', 'наличие зеленых насаждений (парки, скверы)', 'рынок и магазины с товарами первой необходимости'];6,00;Старое здание;144,82;Медицинский центр;1
Клиника Лайф | многопрофильный центр в Краснодаре;3,80;150000,00;2577,32;['детские сады и школы:', 'наличие зеленых насаждений (парки, скверы)', 'рынок и магазины с товарами первой необходимости', 'больницы и поликлиники', 'коммунальные службы (пожарная станция, ЖЭК)'];5,00;Новое здание;58,20;Медицинская клиника;8
Клиника «В надежных руках»;3,50;650000,00;4549,91;['спортивные площадки', 'больницы и поликлиники', 'коммунальные службы (пожарная станция, ЖЭК)', 'детские сады и школы:', 'рынок и магазины с товарами первой необходимости', 'остановки общественного транспорта', 'предприятия и учреждения, предоставляющие работу населению', 'наличие зеленых насаждений (парки, скверы)'];8,00;Здание старше 2008 года;142,86;Медицинская клиника;13
Медицинская клиника в Краснодаре «Ланкор Мед»;4,00;275000,00;2964,00;['больницы и поликлиники', 'детские сады и школы:', 'предприятия и учреждения, предоставляющие работу населению', 'рынок и магазины с товарами первой необходимости', 'спортивные площадки', 'коммунальные службы (пожарная станция, ЖЭК)', 'наличие зеленых насаждений (парки, скверы)', 'остановки общественного транспорта'];8,00;Старое здание;92,78;Медицинская клиника;15
Клиника ЮМР | ЮМР Краснодар;3,70;925000,00;6368,77;['коммунальные службы (пожарная станция, ЖЭК)', 'рынок и магазины с товарами первой необходимости', 'наличие зеленых насаждений (парки, скверы)', 'остановки общественного транспорта', 'спортивные площадки', 'детские сады и школы:'];6,00;Старое здание;145,24;Медицинский центр;16
ID Clinic;2,80;900000,00;31228,31;['предприятия и учреждения, предоставляющие работу населению', 'спортивные площадки', 'коммунальные службы (пожарная станция, ЖЭК)', 'больницы и поликлиники'];4,00;Здание не старше 2018 года;28,82;Медицинская клиника;14
"Клиника ""ЕВРОМЕД""";5,00;575000,00;5658,89;['остановки общественного транспорта', 'коммунальные службы (пожарная станция, ЖЭК)', 'спортивные площадки', 'детские сады и школы:', 'наличие зеленых насаждений (парки, скверы)', 'рынок и магазины с товарами первой необходимости'];6,00;Здание старше 2008 года;101,61;Медицинская клиника;15
Медицинский центр на Одесской, Клиника Екатерининская, УЗИ, рентген, забор анализов;4,10;200000,00;7044,73;['больницы и поликлиники', 'коммунальные службы (пожарная станция, ЖЭК)', 'предприятия и учреждения, предоставляющие работу населению', 'детские сады и школы:', 'рынок и магазины с товарами первой необходимости'];5,00;Новое здание;28,39;Медицинская клиника;15
"Клиника ""Солнечная""";3,70;700000,00;6061,66;['наличие зеленых насаждений (парки, скверы)', 'предприятия и учреждения, предоставляющие работу населению', 'спортивные площадки', 'детские сады и школы:', 'больницы и поликлиники'];5,00;Старое здание;115,48;Медицинская клиника;10
Сити-Клиник;3,20;300000,00;4334,63;['остановки общественного транспорта', 'предприятия и учреждения, предоставляющие работу населению'];2,00;Здание не старше 2018 года;69,21;Медицинская клиника;2
Медико-хирургический центр Корона;4,30;50000,00;2384,36;['больницы и поликлиники', 'остановки общественного транспорта', 'предприятия и учреждения, предоставляющие работу населению', 'спортивные площадки', 'детские сады и школы:', 'рынок и магазины с товарами первой необходимости'];6,00;Новое здание;20,97;Медицинская клиника;13
ТС клиника;4,20;375000,00;2920,79;['рынок и магазины с товарами первой необходимости', 'предприятия и учреждения, предоставляющие работу населению', 'детские сады и школы:'];3,00;Старое здание;128,39;Медицинский центр;13
ibis Krasnodar Center;4,60;100000,00;1497,90;['остановки общественного транспорта', 'детские сады и школы:', 'наличие зеленых насаждений (парки, скверы)', 'коммунальные службы (пожарная станция, ЖЭК)', 'больницы и поликлиники', 'спортивные площадки', 'рынок и магазины с товарами первой необходимости'];7,00;Новое здание;66,76;3 звезды;1
Hilton Garden Inn Krasnodar;4,70;375000,00;3416,55;['рынок и магазины с товарами первой необходимости', 'больницы и поликлиники', 'спортивные площадки', 'наличие зеленых насаждений (парки, скверы)', 'предприятия и учреждения, предоставляющие работу населению', 'коммунальные службы (пожарная станция, ЖЭК)'];6,00;Старое здание;109,76;3 звезды;10
ProfHotel /ПрофОтель;4,20;200000,00;2768,93;['больницы и поликлиники'];1,00;Здание старше 2008 года;72,23;Отель;16
GOLD inn GARDEN;4,50;925000,00;12444,50;['детские сады и школы:', 'рынок и магазины с товарами первой необходимости', 'спортивные площадки', 'больницы и поликлиники', 'коммунальные службы (пожарная станция, ЖЭК)'];5,00;Здание не старше 2018 года;74,33;Отель;12
DavidRobertSons Hotel;4,80;275000,00;2549,13;['наличие зеленых насаждений (парки, скверы)', 'спортивные площадки', 'коммунальные службы (пожарная станция, ЖЭК)', 'детские сады и школы:', 'больницы и поликлиники', 'остановки общественного транспорта', 'рынок и магазины с товарами первой необходимости'];7,00;Здание не старше 2018 года;107,88;Отель;10
Crowne Plaza Krasnodar - Centre;4,70;875000,00;26571,52;['рынок и магазины с товарами первой необходимости', 'наличие зеленых насаждений (парки, скверы)', 'спортивные площадки', 'больницы и поликлиники', 'предприятия и учреждения, предоставляющие работу населению', 'детские сады и школы:', 'остановки общественного транспорта', 'коммунальные службы (пожарная станция, ЖЭК)'];8,00;Здание не старше 2018 года;32,93;4 звезды;5
Golden Tulip;4,50;500000,00;6211,95;['коммунальные службы (пожарная станция, ЖЭК)', 'предприятия и учреждения, предоставляющие работу населению'];2,00;Здание старше 2008 года;80,49;4 звезды;5
"""RIMAR Hotel & SPA"" Krasnodar";4,50;50000,00;744,38;['предприятия и учреждения, предоставляющие работу населению'];1,00;Здание не старше 2018 года;67,17;5 звезд;15
Арт Отель;4,40;900000,00;11278,20;['больницы и поликлиники'];1,00;Здание старше 2008 года;79,80;3 звезды;1
Villa Diana Hotel;4,50;925000,00;29906,24;['наличие зеленых насаждений (парки, скверы)', 'детские сады и школы:', 'рынок и магазины с товарами первой необходимости', 'больницы и поликлиники', 'спортивные площадки'];5,00;Старое здание;30,93;Отель;15
Аурелиу;4,00;925000,00;8636,79;['наличие зеленых насаждений (парки, скверы)', 'рынок и магазины с товарами первой необходимости'];2,00;Старое здание;107,10;3 звезды;10
Отель Hollywood De Luxe;4,70;725000,00;12397,40;['остановки общественного транспорта', 'коммунальные службы (пожарная станция, ЖЭК)'];2,00;Новое здание;58,48;Отель;11
Мальдини;4,40;125000,00;923,19;['остановки общественного транспорта', 'рынок и магазины с товарами первой необходимости'];2,00;Здание старше 2008 года;135,40;4 звезды;17
"Парк-отель ""Троя""";4,30;875000,00;8430,48;['наличие зеленых насаждений (парки, скверы)', 'больницы и поликлиники', 'коммунальные службы (пожарная станция, ЖЭК)', 'детские сады и школы:', 'предприятия и учреждения, предоставляющие работу населению'];5,00;Здание не старше 2018 года;103,79;5 звезд;16
Москва;4,00;700000,00;11284,86;['спортивные площадки', 'детские сады и школы:', 'больницы и поликлиники', 'коммунальные службы (пожарная станция, ЖЭК)', 'предприятия и учреждения, предоставляющие работу населению'];5,00;Новое здание;62,03;3 звезды;2
Hotel Congress Krasnodar;4,80;100000,00;973,52;['остановки общественного транспорта', 'рынок и магазины с товарами первой необходимости'];2,00;Новое здание;102,72;4 звезды;14
"Отель ""Иностранец""";4,50;600000,00;7579,59;['коммунальные службы (пожарная станция, ЖЭК)', 'спортивные площадки', 'детские сады и школы:', 'рынок и магазины с товарами первой необходимости', 'остановки общественного транспорта', 'наличие зеленых насаждений (парки, скверы)', 'больницы и поликлиники', 'предприятия и учреждения, предоставляющие работу населению'];8,00;Новое здание;79,16;4 звезды;9
Отель De Paris;4,60;300000,00;3839,26;['предприятия и учреждения, предоставляющие работу населению', 'остановки общественного транспорта', 'наличие зеленых насаждений (парки, скверы)', 'больницы и поликлиники', 'коммунальные службы (пожарная станция, ЖЭК)', 'детские сады и школы:', 'спортивные площадки', 'рынок и магазины с товарами первой необходимости'];8,00;Старое здание;78,14;3 звезды;6
"Апарт-отель ""Pushkin Apartments""";4,80;950000,00;32105,44;['остановки общественного транспорта', 'наличие зеленых насаждений (парки, скверы)', 'предприятия и учреждения, предоставляющие работу населению', 'спортивные площадки', 'рынок и магазины с товарами первой необходимости'];5,00;Старое здание;29,59;Отель;4
Marton Palace Краснодар;4,30;275000,00;15019,12;['предприятия и учреждения, предоставляющие работу населению', 'детские сады и школы:'];2,00;Новое здание;18,31;Отель;9
Юг–инвестбанк;1,80;925000,00;9206,73;['предприятия и учреждения, предоставляющие работу населению'];1,00;Старое здание;100,47;Банк;3
ББР БАНК;3,30;900000,00;15236,16;['наличие зеленых насаждений (парки, скверы)', 'больницы и поликлиники', 'детские сады и школы:', 'остановки общественного транспорта', 'коммунальные службы (пожарная станция, ЖЭК)'];5,00;Старое здание;59,07;Банк;9
Россельхозбанк;3,40;325000,00;12241,05;['предприятия и учреждения, предоставляющие работу населению', 'больницы и поликлиники'];2,00;Здание старше 2008 года;26,55;Банк;4
Банк Синара;2,50;650000,00;37967,29;['наличие зеленых насаждений (парки, скверы)', 'остановки общественного транспорта', 'детские сады и школы:', 'предприятия и учреждения, предоставляющие работу населению', 'рынок и магазины с товарами первой необходимости'];5,00;Старое здание;17,12;Банк;5
Россельхозбанк;3,50;500000,00;21450,02;['рынок и магазины с товарами первой необходимости', 'остановки общественного транспорта', 'больницы и поликлиники', 'предприятия и учреждения, предоставляющие работу населению', 'коммунальные службы (пожарная станция, ЖЭК)', 'наличие зеленых насаждений (парки, скверы)'];6,00;Старое здание;23,31;Банк;11
Фора-Банк;2,60;400000,00;4779,54;['детские сады и школы:', 'предприятия и учреждения, предоставляющие работу населению', 'спортивные площадки', 'наличие зеленых насаждений (парки, скверы)', 'коммунальные службы (пожарная станция, ЖЭК)', 'рынок и магазины с товарами первой необходимости', 'больницы и поликлиники', 'остановки общественного транспорта'];8,00;Здание старше 2008 года;83,69;Банк;5
Альфа-Банк;3,60;525000,00;6620,43;['наличие зеленых насаждений (парки, скверы)', 'остановки общественного транспорта', 'спортивные площадки', 'рынок и магазины с товарами первой необходимости'];4,00;Старое здание;79,30;Банк;12
Банк Русский Стандарт;2,60;225000,00;2695,90;['больницы и поликлиники'];1,00;Старое здание;83,46;Банк;17
Банк Открытие;2,60;475000,00;9039,01;['остановки общественного транспорта', 'коммунальные службы (пожарная станция, ЖЭК)', 'спортивные площадки', 'больницы и поликлиники', 'предприятия и учреждения, предоставляющие работу населению', 'детские сады и школы:', 'наличие зеленых насаждений (парки, скверы)', 'рынок и магазины с товарами первой необходимости'];8,00;Здание не старше 2018 года;52,55;Банк;13
Банк Кубань Кредит;3,60;100000,00;1337,79;['детские сады и школы:'];1,00;Старое здание;74,75;Банк;11
ЮниКредит Банк;2,60;125000,00;957,63;['остановки общественного транспорта', 'коммунальные службы (пожарная станция, ЖЭК)', 'наличие зеленых насаждений (парки, скверы)', 'спортивные площадки', 'предприятия и учреждения, предоставляющие работу населению', 'больницы и поликлиники'];6,00;Здание старше 2008 года;130,53;Банк;5
Фора-Банк;3,00;425000,00;11795,73;['наличие зеленых насаждений (парки, скверы)', 'больницы и поликлиники'];2,00;Здание старше 2008 года;36,03;Банк;12
Банк РНКБ;2,00;600000,00;4173,04;['больницы и поликлиники', 'детские сады и школы:', 'предприятия и учреждения, предоставляющие работу населению'];3,00;Здание старше 2008 года;143,78;Банк;2
Альфа-Банк;3,50;950000,00;37593,98;['рынок и магазины с товарами первой необходимости', 'остановки общественного транспорта', 'детские сады и школы:', 'больницы и поликлиники'];4,00;Здание старше 2008 года;25,27;Банк;4
Кубань Кредит;3,00;725000,00;7055,27;['остановки общественного транспорта', 'детские сады и школы:', 'рынок и магазины с товарами первой необходимости', 'наличие зеленых насаждений (парки, скверы)'];4,00;Здание не старше 2018 года;102,76;Банк;13
Уральский банк реконструкции и развития;2,10;775000,00;6518,08;['детские сады и школы:', 'остановки общественного транспорта'];2,00;Здание старше 2008 года;118,90;Банк;6
Банк Русский Стандарт;2,60;500000,00;3685,68;['остановки общественного транспорта', 'спортивные площадки', 'коммунальные службы (пожарная станция, ЖЭК)', 'наличие зеленых насаждений (парки, скверы)', 'детские сады и школы:', 'больницы и поликлиники', 'рынок и магазины с товарами первой необходимости', 'предприятия и учреждения, предоставляющие работу населению'];8,00;Новое здание;135,66;Банк;3
Банк Авангард;3,00;125000,00;2402,46;['спортивные площадки', 'больницы и поликлиники', 'наличие зеленых насаждений (парки, скверы)'];3,00;Старое здание;52,03;Банк;12
ВНЕШФИНБАНК;3,50;150000,00;5778,12;['коммунальные службы (пожарная станция, ЖЭК)'];1,00;Здание не старше 2018 года;25,96;Банк;1
Альфа-Банк;3,60;750000,00;12023,08;['рынок и магазины с товарами первой необходимости', 'наличие зеленых насаждений (парки, скверы)', 'больницы и поликлиники', 'остановки общественного транспорта', 'коммунальные службы (пожарная станция, ЖЭК)', 'спортивные площадки', 'детские сады и школы:', 'предприятия и учреждения, предоставляющие работу населению'];8,00;Новое здание;62,38;Банк;15
